{"cameraMode":{"drawMode":0,"name":"Shaded","section":"Shading Mode"},"sceneLighting":false,"audioPlay":false,"sceneViewState":{"showFog":true,"showMaterialUpdate":false,"showSkybox":false,"showFlares":true,"showImageEffects":true,"showParticleSystems":true},"in2DMode":false,"pivot":{"x":0.0280000027269125,"y":1.1720000505447388,"z":-0.12200000137090683},"rotation":{"x":0.5035285949707031,"y":-0.044749341905117038,"z":0.026034966111183168,"w":0.8627133965492249},"size":0.41617873311042788,"orthographic":false}