{"cameraMode":{"drawMode":0,"name":"Shaded","section":"Shading Mode"},"sceneLighting":false,"audioPlay":false,"sceneViewState":{"showFog":true,"showMaterialUpdate":false,"showSkybox":false,"showFlares":true,"showImageEffects":true,"showParticleSystems":true},"in2DMode":false,"pivot":{"x":0.5626000165939331,"y":1.2146999835968018,"z":-0.3758000135421753},"rotation":{"x":0.2854272127151489,"y":0.4367963671684265,"z":-0.1481761485338211,"w":0.8404772877693176},"size":0.020005157217383386,"orthographic":false}