{"cameraMode":{"drawMode":0,"name":"Shaded","section":"Shading Mode"},"sceneLighting":true,"audioPlay":false,"sceneViewState":{"showFog":true,"showMaterialUpdate":false,"showSkybox":true,"showFlares":true,"showImageEffects":true,"showParticleSystems":true},"in2DMode":false,"pivot":{"x":0.6586191654205322,"y":0.8755230903625488,"z":-0.25373023748397829},"rotation":{"x":0.3911994993686676,"y":0.11760223656892777,"z":-0.05039694532752037,"w":0.9117227792739868},"size":0.5771296620368958,"orthographic":false}